<?xml version="1.0" encoding="UTF-8"?>
<project-private xmlns="http://www.netbeans.org/ns/project-private/1">
    <editor-bookmarks xmlns="http://www.netbeans.org/ns/editor-bookmarks/2" lastBookmarkId="0"/>
    <open-files xmlns="http://www.netbeans.org/ns/projectui-open-files/2">
        <group>
            <file>file:/D:/Users/Asus/Documents/NetBeansProjects/proyHospedajee/src/Control/ControladorMDI.java</file>
            <file>file:/D:/Users/Asus/Documents/NetBeansProjects/proyHospedajee/src/proyhospedajee/ProyHospedajee.java</file>
            <file>file:/D:/Users/Asus/Documents/NetBeansProjects/proyHospedajee/src/Control/ControladorJIFHos.java</file>
            <file>file:/D:/Users/Asus/Documents/NetBeansProjects/proyHospedajee/src/Control/ControladorJIFUs.java</file>
        </group>
    </open-files>
</project-private>
