<?xml version="1.0" encoding="UTF-8"?>
<project-private xmlns="http://www.netbeans.org/ns/project-private/1">
    <editor-bookmarks xmlns="http://www.netbeans.org/ns/editor-bookmarks/2" lastBookmarkId="0"/>
    <open-files xmlns="http://www.netbeans.org/ns/projectui-open-files/2">
        <group>
            <file>file:/C:/Users/Estudiante/Downloads/proyPoliVehiculoCM/proyPoliVehiculoCM/src/Vista/CajasMensaje.java</file>
            <file>file:/C:/Users/Estudiante/Downloads/proyPoliVehiculoCM/proyPoliVehiculoCM/src/Modelo/Formulario.java</file>
            <file>file:/C:/Users/Estudiante/Downloads/proyPoliVehiculoCM/proyPoliVehiculoCM/src/Controlador/ControladorRecaudo.java</file>
            <file>file:/C:/Users/Estudiante/Downloads/proyPoliVehiculoCM/proyPoliVehiculoCM/src/Vista/Main.java</file>
            <file>file:/C:/Users/Estudiante/Downloads/proyPoliVehiculoCM/proyPoliVehiculoCM/src/Modelo/Auto.java</file>
            <file>file:/C:/Users/Estudiante/Downloads/proyPoliVehiculoCM/proyPoliVehiculoCM/src/Controlador/ControladorFrm.java</file>
            <file>file:/C:/Users/Estudiante/Downloads/proyPoliVehiculoCM/proyPoliVehiculoCM/src/Vista/frmAuto.java</file>
            <file>file:/C:/Users/Estudiante/Downloads/proyPoliVehiculoCM/proyPoliVehiculoCM/src/Controlador/ControladorCM.java</file>
        </group>
    </open-files>
</project-private>
