<?xml version="1.0" encoding="UTF-8"?>
<project-private xmlns="http://www.netbeans.org/ns/project-private/1">
    <editor-bookmarks xmlns="http://www.netbeans.org/ns/editor-bookmarks/2" lastBookmarkId="0"/>
    <open-files xmlns="http://www.netbeans.org/ns/projectui-open-files/2">
        <group>
            <file>file:/D:/Users/Asus/Documents/NetBeansProjects/Persistencia/src/vista/frmPer.java</file>
            <file>file:/D:/Users/Asus/Documents/NetBeansProjects/Persistencia/src/controlador/controlador.java</file>
            <file>file:/D:/Users/Asus/Documents/NetBeansProjects/Persistencia/src/modelo/Agenda.java</file>
            <file>file:/D:/Users/Asus/Documents/NetBeansProjects/Persistencia/src/modelo/Persona.java</file>
        </group>
    </open-files>
</project-private>
